Index,Very_Conservative,Conservative,Moderate,Aggressive,Very_Aggressive
mean,0.028089888,0.034550562,0.040449438,0.045505618,0.05
std,0.0373,0.0558,0.0798,0.106,0.133
max,0.056179776,0.103651686,0.161797752,0.22752809,0.3
